{"cameraMode":{"drawMode":0,"name":"Shaded","section":"Shading Mode"},"sceneLighting":false,"audioPlay":false,"sceneViewState":{"showFog":true,"showMaterialUpdate":false,"showSkybox":true,"showFlares":true,"showImageEffects":true,"showParticleSystems":true},"in2DMode":false,"pivot":{"x":372.6483459472656,"y":1.819563865661621,"z":-1588.01123046875},"rotation":{"x":-0.08688360452651978,"y":0.3884090781211853,"z":-0.03680999577045441,"w":-0.9166431427001953},"size":11.85737133026123,"orthographic":false}