{"cameraMode":{"drawMode":0,"name":"Shaded","section":"Shading Mode"},"sceneLighting":false,"audioPlay":false,"sceneViewState":{"showFog":true,"showMaterialUpdate":false,"showSkybox":true,"showFlares":true,"showImageEffects":true,"showParticleSystems":true},"in2DMode":false,"pivot":{"x":0.20524263381958009,"y":1.7480556964874268,"z":0.8795750737190247},"rotation":{"x":0.04396707937121391,"y":0.9552123546600342,"z":-0.22617720067501069,"w":0.18568840622901917},"size":11.958120346069336,"orthographic":false}