{"cameraMode":{"drawMode":0,"name":"Shaded","section":"Shading Mode"},"sceneLighting":false,"audioPlay":false,"sceneViewState":{"showFog":true,"showMaterialUpdate":false,"showSkybox":true,"showFlares":true,"showImageEffects":true,"showParticleSystems":true},"in2DMode":false,"pivot":{"x":-71.99650573730469,"y":1.8150269985198975,"z":-27.62564468383789},"rotation":{"x":0.6020228862762451,"y":-0.069229356944561,"z":0.05250988155603409,"w":0.7937371134757996},"size":163.19863891601563,"orthographic":false}