{"cameraMode":{"drawMode":0,"name":"Shaded","section":"Shading Mode"},"sceneLighting":false,"audioPlay":false,"sceneViewState":{"showFog":true,"showMaterialUpdate":false,"showSkybox":true,"showFlares":true,"showImageEffects":true,"showParticleSystems":true},"in2DMode":false,"pivot":{"x":0.2640671730041504,"y":0.841119110584259,"z":0.16755998134613038},"rotation":{"x":0.13796663284301759,"y":-0.1232633888721466,"z":0.01730765961110592,"w":0.9825842380523682},"size":8.466171264648438,"orthographic":false}