{"cameraMode":{"drawMode":0,"name":"Shaded","section":"Shading Mode"},"sceneLighting":false,"audioPlay":false,"sceneViewState":{"showFog":true,"showMaterialUpdate":false,"showSkybox":true,"showFlares":true,"showImageEffects":true,"showParticleSystems":true},"in2DMode":false,"pivot":{"x":13.206249237060547,"y":1.7112503051757813,"z":-5.332500457763672},"rotation":{"x":0.052475493401288989,"y":-0.8361765146255493,"z":0.08127883821725846,"w":0.5398601293563843},"size":21.166669845581056,"orthographic":false}