{"cameraMode":{"drawMode":0,"name":"Shaded","section":"Shading Mode"},"sceneLighting":false,"audioPlay":false,"sceneViewState":{"showFog":true,"showMaterialUpdate":false,"showSkybox":true,"showFlares":true,"showImageEffects":true,"showParticleSystems":true},"in2DMode":false,"pivot":{"x":-26.17532730102539,"y":-6.5548224449157719,"z":24.750843048095704},"rotation":{"x":0.12662264704704286,"y":-0.40922749042510989,"z":0.0574602410197258,"w":0.9017748832702637},"size":45.882110595703128,"orthographic":false}